Datetime,Demand
2000-06-05 00:00,44018
2000-06-05 01:00,45006
2000-06-05 02:00,44862
2000-06-05 03:00,43988
2000-06-05 04:00,43087
2000-06-05 05:00,43539
2000-06-05 06:00,52115
2000-06-05 07:00,64549
2000-06-05 08:00,71462
2000-06-05 09:00,74130
2000-06-05 10:00,74946
2000-06-05 11:00,75636
2000-06-05 12:00,75373
2000-06-05 13:00,73920
2000-06-05 14:00,73708
2000-06-05 15:00,73585
2000-06-05 16:00,75019
2000-06-05 17:00,73888
2000-06-05 18:00,69938
2000-06-05 19:00,66587
2000-06-05 20:00,64155
2000-06-05 21:00,65422
2000-06-05 22:00,63146
2000-06-05 23:00,55032
2000-06-06 00:00,49413
2000-06-06 01:00,50022
2000-06-06 02:00,49580
2000-06-06 03:00,48587
2000-06-06 04:00,47267
2000-06-06 05:00,47477
2000-06-06 06:00,54667
2000-06-06 07:00,66338
2000-06-06 08:00,72294
2000-06-06 09:00,74271
2000-06-06 10:00,74221
2000-06-06 11:00,75421
2000-06-06 12:00,75522
2000-06-06 13:00,74080
2000-06-06 14:00,73990
2000-06-06 15:00,73550
2000-06-06 16:00,74750
2000-06-06 17:00,73651
2000-06-06 18:00,69409
2000-06-06 19:00,65649
2000-06-06 20:00,63049
2000-06-06 21:00,63343
2000-06-06 22:00,63066
2000-06-06 23:00,55633
2000-06-07 00:00,49532
2000-06-07 01:00,49956
2000-06-07 02:00,49835
2000-06-07 03:00,48716
2000-06-07 04:00,47320
2000-06-07 05:00,47518
2000-06-07 06:00,54675
2000-06-07 07:00,66269
2000-06-07 08:00,71672
2000-06-07 09:00,73150
2000-06-07 10:00,73562
2000-06-07 11:00,73807
2000-06-07 12:00,73379
2000-06-07 13:00,72643
2000-06-07 14:00,71992
2000-06-07 15:00,71983
2000-06-07 16:00,73382
2000-06-07 17:00,72535
2000-06-07 18:00,68756
2000-06-07 19:00,65766
2000-06-07 20:00,63431
2000-06-07 21:00,65086
2000-06-07 22:00,62553
2000-06-07 23:00,55412
2000-06-08 00:00,49504
2000-06-08 01:00,49793
2000-06-08 02:00,49284
2000-06-08 03:00,47922
2000-06-08 04:00,46919
2000-06-08 05:00,47153
2000-06-08 06:00,54449
2000-06-08 07:00,66239
2000-06-08 08:00,72114
2000-06-08 09:00,74044
2000-06-08 10:00,74606
2000-06-08 11:00,75211
2000-06-08 12:00,75009
2000-06-08 13:00,73909
2000-06-08 14:00,73339
2000-06-08 15:00,73021
2000-06-08 16:00,74172
2000-06-08 17:00,72844
2000-06-08 18:00,69246
2000-06-08 19:00,65862
2000-06-08 20:00,63368
2000-06-08 21:00,63895
2000-06-08 22:00,63294
2000-06-08 23:00,55902
2000-06-09 00:00,50008
2000-06-09 01:00,49985
2000-06-09 02:00,48989
2000-06-09 03:00,47661
2000-06-09 04:00,46652
2000-06-09 05:00,46789
2000-06-09 06:00,54437
2000-06-09 07:00,66146
2000-06-09 08:00,73048
2000-06-09 09:00,75685
2000-06-09 10:00,76463
2000-06-09 11:00,76955
2000-06-09 12:00,76129
2000-06-09 13:00,74685
2000-06-09 14:00,73651
2000-06-09 15:00,72605
2000-06-09 16:00,73194
2000-06-09 17:00,71550
2000-06-09 18:00,67834
2000-06-09 19:00,64168
2000-06-09 20:00,61229
2000-06-09 21:00,60729
2000-06-09 22:00,59465
2000-06-09 23:00,53912
2000-06-10 00:00,48603
2000-06-10 01:00,47906
2000-06-10 02:00,46581
2000-06-10 03:00,45119
2000-06-10 04:00,43181
2000-06-10 05:00,42133
2000-06-10 06:00,45907
2000-06-10 07:00,52171
2000-06-10 08:00,58685
2000-06-10 09:00,62168
2000-06-10 10:00,62677
2000-06-10 11:00,61974
2000-06-10 12:00,60077
2000-06-10 13:00,57390
2000-06-10 14:00,55663
2000-06-10 15:00,54494
2000-06-10 16:00,55215
2000-06-10 17:00,56711
2000-06-10 18:00,55708
2000-06-10 19:00,54546
2000-06-10 20:00,52992
2000-06-10 21:00,53706
2000-06-10 22:00,54064
2000-06-10 23:00,49916
2000-06-11 00:00,44862
2000-06-11 01:00,44473
2000-06-11 02:00,43302
2000-06-11 03:00,41848
2000-06-11 04:00,40052
2000-06-11 05:00,38715
2000-06-11 06:00,40780
2000-06-11 07:00,44361
2000-06-11 08:00,49196
2000-06-11 09:00,53705
2000-06-11 10:00,57208
2000-06-11 11:00,58895
2000-06-11 12:00,59319
2000-06-11 13:00,56784
2000-06-11 14:00,54759
2000-06-11 15:00,54247
2000-06-11 16:00,54651
2000-06-11 17:00,55305
2000-06-11 18:00,55087
2000-06-11 19:00,54758
2000-06-11 20:00,54450
2000-06-11 21:00,56285
2000-06-11 22:00,55951
2000-06-11 23:00,49060
2000-06-12 00:00,44272
2000-06-12 01:00,44518
2000-06-12 02:00,44227
2000-06-12 03:00,43339
2000-06-12 04:00,42621
2000-06-12 05:00,43446
2000-06-12 06:00,52065
2000-06-12 07:00,64470
2000-06-12 08:00,70816
2000-06-12 09:00,73347
2000-06-12 10:00,74167
2000-06-12 11:00,75055
2000-06-12 12:00,75032
2000-06-12 13:00,74133
2000-06-12 14:00,73906
2000-06-12 15:00,73466
2000-06-12 16:00,74791
2000-06-12 17:00,73418
2000-06-12 18:00,69147
2000-06-12 19:00,65831
2000-06-12 20:00,62106
2000-06-12 21:00,62139
2000-06-12 22:00,62472
2000-06-12 23:00,55203
2000-06-13 00:00,49554
2000-06-13 01:00,49115
2000-06-13 02:00,48227
2000-06-13 03:00,47269
2000-06-13 04:00,46236
2000-06-13 05:00,46403
2000-06-13 06:00,53974
2000-06-13 07:00,65611
2000-06-13 08:00,71513
2000-06-13 09:00,73696
2000-06-13 10:00,74109
2000-06-13 11:00,74743
2000-06-13 12:00,74502
2000-06-13 13:00,73457
2000-06-13 14:00,73079
2000-06-13 15:00,73163
2000-06-13 16:00,74484
2000-06-13 17:00,73144
2000-06-13 18:00,68831
2000-06-13 19:00,65948
2000-06-13 20:00,63215
2000-06-13 21:00,63069
2000-06-13 22:00,62790
2000-06-13 23:00,55536
2000-06-14 00:00,49908
2000-06-14 01:00,49313
2000-06-14 02:00,48288
2000-06-14 03:00,47410
2000-06-14 04:00,46705
2000-06-14 05:00,47289
2000-06-14 06:00,54668
2000-06-14 07:00,66691
2000-06-14 08:00,72623
2000-06-14 09:00,74857
2000-06-14 10:00,75280
2000-06-14 11:00,76275
2000-06-14 12:00,75943
2000-06-14 13:00,74683
2000-06-14 14:00,74170
2000-06-14 15:00,73988
2000-06-14 16:00,75657
2000-06-14 17:00,74612
2000-06-14 18:00,71063
2000-06-14 19:00,67909
2000-06-14 20:00,65466
2000-06-14 21:00,65130
2000-06-14 22:00,63149
2000-06-14 23:00,55882
2000-06-15 00:00,50016
2000-06-15 01:00,49706
2000-06-15 02:00,48859
2000-06-15 03:00,47932
2000-06-15 04:00,46737
2000-06-15 05:00,47161
2000-06-15 06:00,54787
2000-06-15 07:00,66586
2000-06-15 08:00,72676
2000-06-15 09:00,74622
2000-06-15 10:00,74651
2000-06-15 11:00,75347
2000-06-15 12:00,75031
2000-06-15 13:00,73936
2000-06-15 14:00,73563
2000-06-15 15:00,73183
2000-06-15 16:00,74241
2000-06-15 17:00,72804
2000-06-15 18:00,69188
2000-06-15 19:00,66014
2000-06-15 20:00,63526
2000-06-15 21:00,63870
2000-06-15 22:00,62949
2000-06-15 23:00,55873
2000-06-16 00:00,49827
2000-06-16 01:00,48905
2000-06-16 02:00,47737
2000-06-16 03:00,46872
2000-06-16 04:00,45958
2000-06-16 05:00,46509
2000-06-16 06:00,54014
2000-06-16 07:00,65764
2000-06-16 08:00,71757
2000-06-16 09:00,73509
2000-06-16 10:00,73774
2000-06-16 11:00,74339
2000-06-16 12:00,74261
2000-06-16 13:00,72501
2000-06-16 14:00,71283
2000-06-16 15:00,70284
2000-06-16 16:00,70661
2000-06-16 17:00,69419
2000-06-16 18:00,65822
2000-06-16 19:00,62190
2000-06-16 20:00,59701
2000-06-16 21:00,59355
2000-06-16 22:00,59171
2000-06-16 23:00,53902
2000-06-17 00:00,48358
2000-06-17 01:00,46950
2000-06-17 02:00,45260
2000-06-17 03:00,43905
2000-06-17 04:00,42415
2000-06-17 05:00,41619
2000-06-17 06:00,45401
2000-06-17 07:00,52297
2000-06-17 08:00,59028
2000-06-17 09:00,63045
2000-06-17 10:00,63464
2000-06-17 11:00,62774
2000-06-17 12:00,60906
2000-06-17 13:00,58603
2000-06-17 14:00,56978
2000-06-17 15:00,56175
2000-06-17 16:00,57136
2000-06-17 17:00,58309
2000-06-17 18:00,56666
2000-06-17 19:00,54359
2000-06-17 20:00,51855
2000-06-17 21:00,52080
2000-06-17 22:00,55131
2000-06-17 23:00,50975
2000-06-18 00:00,46149
2000-06-18 01:00,44147
2000-06-18 02:00,42429
2000-06-18 03:00,41307
2000-06-18 04:00,39717
2000-06-18 05:00,38621
2000-06-18 06:00,40639
2000-06-18 07:00,44922
2000-06-18 08:00,50645
2000-06-18 09:00,55182
2000-06-18 10:00,57693
2000-06-18 11:00,58761
2000-06-18 12:00,58439
2000-06-18 13:00,56079
2000-06-18 14:00,54460
2000-06-18 15:00,53774
2000-06-18 16:00,54014
2000-06-18 17:00,54355
2000-06-18 18:00,54030
2000-06-18 19:00,54122
2000-06-18 20:00,53676
2000-06-18 21:00,55087
2000-06-18 22:00,57194
2000-06-18 23:00,51112
2000-06-19 00:00,45666
2000-06-19 01:00,44563
2000-06-19 02:00,43791
2000-06-19 03:00,43428
2000-06-19 04:00,42635
2000-06-19 05:00,43855
2000-06-19 06:00,52506
2000-06-19 07:00,64761
2000-06-19 08:00,72145
2000-06-19 09:00,75540
2000-06-19 10:00,76475
2000-06-19 11:00,77492
2000-06-19 12:00,77006
2000-06-19 13:00,75726
2000-06-19 14:00,75280
2000-06-19 15:00,74898
2000-06-19 16:00,75224
2000-06-19 17:00,73286
2000-06-19 18:00,69336
2000-06-19 19:00,66132
2000-06-19 20:00,63721
2000-06-19 21:00,64262
2000-06-19 22:00,63975
2000-06-19 23:00,57140
2000-06-20 00:00,50948
2000-06-20 01:00,49678
2000-06-20 02:00,48652
2000-06-20 03:00,47760
2000-06-20 04:00,46809
2000-06-20 05:00,47344
2000-06-20 06:00,54791
2000-06-20 07:00,66074
2000-06-20 08:00,72713
2000-06-20 09:00,75145
2000-06-20 10:00,76086
2000-06-20 11:00,77145
2000-06-20 12:00,76992
2000-06-20 13:00,75663
2000-06-20 14:00,75203
2000-06-20 15:00,75077
2000-06-20 16:00,76257
2000-06-20 17:00,74419
2000-06-20 18:00,70404
2000-06-20 19:00,66695
2000-06-20 20:00,63133
2000-06-20 21:00,62687
2000-06-20 22:00,63224
2000-06-20 23:00,55853
2000-06-21 00:00,50072
2000-06-21 01:00,48794
2000-06-21 02:00,47507
2000-06-21 03:00,46771
2000-06-21 04:00,46360
2000-06-21 05:00,46665
2000-06-21 06:00,54017
2000-06-21 07:00,65633
2000-06-21 08:00,71555
2000-06-21 09:00,74413
2000-06-21 10:00,74821
2000-06-21 11:00,75211
2000-06-21 12:00,74835
2000-06-21 13:00,73706
2000-06-21 14:00,72982
2000-06-21 15:00,72847
2000-06-21 16:00,74310
2000-06-21 17:00,72774
2000-06-21 18:00,68447
2000-06-21 19:00,64998
2000-06-21 20:00,62170
2000-06-21 21:00,62366
2000-06-21 22:00,61503
2000-06-21 23:00,55168
2000-06-22 00:00,48934
2000-06-22 01:00,47667
2000-06-22 02:00,46658
2000-06-22 03:00,46002
2000-06-22 04:00,45237
2000-06-22 05:00,45744
2000-06-22 06:00,53302
2000-06-22 07:00,64755
2000-06-22 08:00,70852
2000-06-22 09:00,73398
2000-06-22 10:00,74023
2000-06-22 11:00,74861
2000-06-22 12:00,74818
2000-06-22 13:00,73795
2000-06-22 14:00,73409
2000-06-22 15:00,72964
2000-06-22 16:00,74555
2000-06-22 17:00,73065
2000-06-22 18:00,69497
2000-06-22 19:00,66231
2000-06-22 20:00,63940
2000-06-22 21:00,63888
2000-06-22 22:00,61870
2000-06-22 23:00,54766
2000-06-23 00:00,48800
2000-06-23 01:00,47785
2000-06-23 02:00,46881
2000-06-23 03:00,45977
2000-06-23 04:00,45163
2000-06-23 05:00,45808
2000-06-23 06:00,53193
2000-06-23 07:00,64861
2000-06-23 08:00,70977
2000-06-23 09:00,73445
2000-06-23 10:00,74015
2000-06-23 11:00,74630
2000-06-23 12:00,74299
2000-06-23 13:00,72236
2000-06-23 14:00,70976
2000-06-23 15:00,69764
2000-06-23 16:00,70421
2000-06-23 17:00,69444
2000-06-23 18:00,66368
2000-06-23 19:00,63137
2000-06-23 20:00,60473
2000-06-23 21:00,60356
2000-06-23 22:00,58953
2000-06-23 23:00,52950
2000-06-24 00:00,47420
2000-06-24 01:00,46144
2000-06-24 02:00,44712
2000-06-24 03:00,43554
2000-06-24 04:00,42087
2000-06-24 05:00,41169
2000-06-24 06:00,44906
2000-06-24 07:00,51063
2000-06-24 08:00,57679
2000-06-24 09:00,61827
2000-06-24 10:00,62867
2000-06-24 11:00,62813
2000-06-24 12:00,61087
2000-06-24 13:00,58398
2000-06-24 14:00,57041
2000-06-24 15:00,56201
2000-06-24 16:00,57207
2000-06-24 17:00,58609
2000-06-24 18:00,57790
2000-06-24 19:00,56094
2000-06-24 20:00,54326
2000-06-24 21:00,54226
2000-06-24 22:00,54122
2000-06-24 23:00,49827
2000-06-25 00:00,45009
2000-06-25 01:00,43849
2000-06-25 02:00,42593
2000-06-25 03:00,41224
2000-06-25 04:00,39824
2000-06-25 05:00,38568
2000-06-25 06:00,40513
2000-06-25 07:00,44210
2000-06-25 08:00,48832
2000-06-25 09:00,53666
2000-06-25 10:00,57235
2000-06-25 11:00,59180
2000-06-25 12:00,59830
2000-06-25 13:00,56984
2000-06-25 14:00,55018
2000-06-25 15:00,54182
2000-06-25 16:00,54720
2000-06-25 17:00,55614
2000-06-25 18:00,55460
2000-06-25 19:00,55342
2000-06-25 20:00,55121
2000-06-25 21:00,55505
2000-06-25 22:00,55719
2000-06-25 23:00,49181
2000-06-26 00:00,44115
2000-06-26 01:00,43849
2000-06-26 02:00,43215
2000-06-26 03:00,42619
2000-06-26 04:00,41947
2000-06-26 05:00,42774
2000-06-26 06:00,51248
2000-06-26 07:00,63567
2000-06-26 08:00,70105
2000-06-26 09:00,72624
2000-06-26 10:00,73419
2000-06-26 11:00,74083
2000-06-26 12:00,73854
2000-06-26 13:00,72721
2000-06-26 14:00,72255
2000-06-26 15:00,72166
2000-06-26 16:00,73349
2000-06-26 17:00,72304
2000-06-26 18:00,68180
2000-06-26 19:00,64640
2000-06-26 20:00,61975
2000-06-26 21:00,62419
2000-06-26 22:00,61420
2000-06-26 23:00,54446
2000-06-27 00:00,48577
2000-06-27 01:00,47661
2000-06-27 02:00,47004
2000-06-27 03:00,46098
2000-06-27 04:00,45273
2000-06-27 05:00,45759
2000-06-27 06:00,53558
2000-06-27 07:00,64808
2000-06-27 08:00,71023
2000-06-27 09:00,72982
2000-06-27 10:00,73486
2000-06-27 11:00,74376
2000-06-27 12:00,74071
2000-06-27 13:00,73029
2000-06-27 14:00,72793
2000-06-27 15:00,72434
2000-06-27 16:00,73990
2000-06-27 17:00,72719
2000-06-27 18:00,68576
2000-06-27 19:00,64974
2000-06-27 20:00,63251
2000-06-27 21:00,63325
2000-06-27 22:00,62154
2000-06-27 23:00,55220
2000-06-28 00:00,49105
2000-06-28 01:00,48179
2000-06-28 02:00,47133
2000-06-28 03:00,46277
2000-06-28 04:00,45500
2000-06-28 05:00,45996
2000-06-28 06:00,53563
2000-06-28 07:00,65290
2000-06-28 08:00,71614
2000-06-28 09:00,73619
2000-06-28 10:00,74108
2000-06-28 11:00,74529
2000-06-28 12:00,74248
2000-06-28 13:00,73063
2000-06-28 14:00,72707
2000-06-28 15:00,72665
2000-06-28 16:00,74445
2000-06-28 17:00,73243
2000-06-28 18:00,69339
2000-06-28 19:00,66519
2000-06-28 20:00,64386
2000-06-28 21:00,64180
2000-06-28 22:00,62061
2000-06-28 23:00,54799
2000-06-29 00:00,49160
2000-06-29 01:00,48163
2000-06-29 02:00,47148
2000-06-29 03:00,46376
2000-06-29 04:00,45971
2000-06-29 05:00,46382
2000-06-29 06:00,53664
2000-06-29 07:00,65479
2000-06-29 08:00,71726
2000-06-29 09:00,73990
2000-06-29 10:00,74441
2000-06-29 11:00,74755
2000-06-29 12:00,74510
2000-06-29 13:00,73570
2000-06-29 14:00,73163
2000-06-29 15:00,72868
2000-06-29 16:00,74099
2000-06-29 17:00,72878
2000-06-29 18:00,69099
2000-06-29 19:00,66453
2000-06-29 20:00,65220
2000-06-29 21:00,65073
2000-06-29 22:00,61492
2000-06-29 23:00,54535
2000-06-30 00:00,48761
2000-06-30 01:00,48133
2000-06-30 02:00,47025
2000-06-30 03:00,45944
2000-06-30 04:00,45725
2000-06-30 05:00,46315
2000-06-30 06:00,53394
2000-06-30 07:00,65055
2000-06-30 08:00,71372
2000-06-30 09:00,74170
2000-06-30 10:00,74633
2000-06-30 11:00,74995
2000-06-30 12:00,74538
2000-06-30 13:00,72652
2000-06-30 14:00,71449
2000-06-30 15:00,70210
2000-06-30 16:00,70887
2000-06-30 17:00,69764
2000-06-30 18:00,66361
2000-06-30 19:00,63136
2000-06-30 20:00,60750
2000-06-30 21:00,60171
2000-06-30 22:00,58543
2000-06-30 23:00,53214
2000-07-01 00:00,47792
2000-07-01 01:00,46629
2000-07-01 02:00,45001
2000-07-01 03:00,43707
2000-07-01 04:00,42652
2000-07-01 05:00,41830
2000-07-01 06:00,45242
2000-07-01 07:00,51384
2000-07-01 08:00,58000
2000-07-01 09:00,62268
2000-07-01 10:00,63590
2000-07-01 11:00,63303
2000-07-01 12:00,62135
2000-07-01 13:00,59367
2000-07-01 14:00,57592
2000-07-01 15:00,56560
2000-07-01 16:00,57524
2000-07-01 17:00,58971
2000-07-01 18:00,57511
2000-07-01 19:00,55663
2000-07-01 20:00,53282
2000-07-01 21:00,53790
2000-07-01 22:00,54272
2000-07-01 23:00,50164
2000-07-02 00:00,45305
2000-07-02 01:00,43962
2000-07-02 02:00,42424
2000-07-02 03:00,41280
2000-07-02 04:00,39904
2000-07-02 05:00,38824
2000-07-02 06:00,40782
2000-07-02 07:00,44365
2000-07-02 08:00,49387
2000-07-02 09:00,54162
2000-07-02 10:00,58122
2000-07-02 11:00,60318
2000-07-02 12:00,61124
2000-07-02 13:00,58395
2000-07-02 14:00,56256
2000-07-02 15:00,55792
2000-07-02 16:00,56349
2000-07-02 17:00,56950
2000-07-02 18:00,56617
2000-07-02 19:00,56049
2000-07-02 20:00,55716
2000-07-02 21:00,57420
2000-07-02 22:00,56647
2000-07-02 23:00,49942
2000-07-03 00:00,44606
2000-07-03 01:00,44183
2000-07-03 02:00,43521
2000-07-03 03:00,42693
2000-07-03 04:00,42289
2000-07-03 05:00,43346
2000-07-03 06:00,51624
2000-07-03 07:00,64281
2000-07-03 08:00,71145
2000-07-03 09:00,74049
2000-07-03 10:00,75012
2000-07-03 11:00,75953
2000-07-03 12:00,75875
2000-07-03 13:00,75030
2000-07-03 14:00,74526
2000-07-03 15:00,74306
2000-07-03 16:00,75580
2000-07-03 17:00,73897
2000-07-03 18:00,69701
2000-07-03 19:00,66545
2000-07-03 20:00,64150
2000-07-03 21:00,64909
2000-07-03 22:00,62798
2000-07-03 23:00,54857
2000-07-04 00:00,49138
2000-07-04 01:00,48416
2000-07-04 02:00,47217
2000-07-04 03:00,46558
2000-07-04 04:00,46109
2000-07-04 05:00,46534
2000-07-04 06:00,53996
2000-07-04 07:00,65757
2000-07-04 08:00,72374
2000-07-04 09:00,74681
2000-07-04 10:00,75636
2000-07-04 11:00,76333
2000-07-04 12:00,76179
2000-07-04 13:00,75102
2000-07-04 14:00,74546
2000-07-04 15:00,74507
2000-07-04 16:00,76286
2000-07-04 17:00,75560
2000-07-04 18:00,71980
2000-07-04 19:00,68865
2000-07-04 20:00,66683
2000-07-04 21:00,66145
2000-07-04 22:00,62832
2000-07-04 23:00,55402
2000-07-05 00:00,49296
2000-07-05 01:00,48622
2000-07-05 02:00,47703
2000-07-05 03:00,46879
2000-07-05 04:00,46393
2000-07-05 05:00,46714
2000-07-05 06:00,54058
2000-07-05 07:00,65494
2000-07-05 08:00,71419
2000-07-05 09:00,73997
2000-07-05 10:00,74984
2000-07-05 11:00,75611
2000-07-05 12:00,75566
2000-07-05 13:00,74245
2000-07-05 14:00,73771
2000-07-05 15:00,73640
2000-07-05 16:00,75301
2000-07-05 17:00,74352
2000-07-05 18:00,70301
2000-07-05 19:00,67232
2000-07-05 20:00,65255
2000-07-05 21:00,65329
2000-07-05 22:00,62718
2000-07-05 23:00,55340
2000-07-06 00:00,49560
2000-07-06 01:00,48510
2000-07-06 02:00,47385
2000-07-06 03:00,46489
2000-07-06 04:00,46185
2000-07-06 05:00,46543
2000-07-06 06:00,54043
2000-07-06 07:00,65645
2000-07-06 08:00,72165
2000-07-06 09:00,74549
2000-07-06 10:00,75103
2000-07-06 11:00,76015
2000-07-06 12:00,75853
2000-07-06 13:00,74616
2000-07-06 14:00,73934
2000-07-06 15:00,73778
2000-07-06 16:00,75226
2000-07-06 17:00,74002
2000-07-06 18:00,69887
2000-07-06 19:00,66923
2000-07-06 20:00,65230
2000-07-06 21:00,65477
2000-07-06 22:00,62805
2000-07-06 23:00,55475
2000-07-07 00:00,49667
2000-07-07 01:00,48724
2000-07-07 02:00,47500
2000-07-07 03:00,46514
2000-07-07 04:00,45962
2000-07-07 05:00,46254
2000-07-07 06:00,53559
2000-07-07 07:00,65365
2000-07-07 08:00,71629
2000-07-07 09:00,73954
2000-07-07 10:00,74459
2000-07-07 11:00,75053
2000-07-07 12:00,74383
2000-07-07 13:00,72397
2000-07-07 14:00,70579
2000-07-07 15:00,69873
2000-07-07 16:00,70825
2000-07-07 17:00,69380
2000-07-07 18:00,65633
2000-07-07 19:00,62345
2000-07-07 20:00,59119
2000-07-07 21:00,59100
2000-07-07 22:00,58987
2000-07-07 23:00,53026
2000-07-08 00:00,47529
2000-07-08 01:00,46044
2000-07-08 02:00,44638
2000-07-08 03:00,43426
2000-07-08 04:00,42447
2000-07-08 05:00,41635
2000-07-08 06:00,44937
2000-07-08 07:00,51070
2000-07-08 08:00,57753
2000-07-08 09:00,61758
2000-07-08 10:00,62756
2000-07-08 11:00,62662
2000-07-08 12:00,61024
2000-07-08 13:00,58616
2000-07-08 14:00,57066
2000-07-08 15:00,55786
2000-07-08 16:00,56799
2000-07-08 17:00,58377
2000-07-08 18:00,57694
2000-07-08 19:00,56232
2000-07-08 20:00,55035
2000-07-08 21:00,55146
2000-07-08 22:00,53978
2000-07-08 23:00,49516
2000-07-09 00:00,44751
2000-07-09 01:00,43715
2000-07-09 02:00,42247
2000-07-09 03:00,41068
2000-07-09 04:00,40092
2000-07-09 05:00,38857
2000-07-09 06:00,40763
2000-07-09 07:00,44128
2000-07-09 08:00,49280
2000-07-09 09:00,54158
2000-07-09 10:00,58543
2000-07-09 11:00,60787
2000-07-09 12:00,61737
2000-07-09 13:00,59114
2000-07-09 14:00,57522
2000-07-09 15:00,56465
2000-07-09 16:00,57220
2000-07-09 17:00,57680
2000-07-09 18:00,57128
2000-07-09 19:00,56363
2000-07-09 20:00,56109
2000-07-09 21:00,57479
2000-07-09 22:00,56689
2000-07-09 23:00,49543
2000-07-10 00:00,44204
2000-07-10 01:00,44093
2000-07-10 02:00,43438
2000-07-10 03:00,42902
2000-07-10 04:00,42496
2000-07-10 05:00,43365
2000-07-10 06:00,51692
2000-07-10 07:00,64244
2000-07-10 08:00,71284
2000-07-10 09:00,74212
2000-07-10 10:00,75335
2000-07-10 11:00,76766
2000-07-10 12:00,76891
2000-07-10 13:00,75673
2000-07-10 14:00,75123
2000-07-10 15:00,75027
2000-07-10 16:00,76798
2000-07-10 17:00,75730
2000-07-10 18:00,72036
2000-07-10 19:00,68468
2000-07-10 20:00,65870
2000-07-10 21:00,65600
2000-07-10 22:00,62599
2000-07-10 23:00,54773
2000-07-11 00:00,48948
2000-07-11 01:00,48757
2000-07-11 02:00,48089
2000-07-11 03:00,47192
2000-07-11 04:00,46606
2000-07-11 05:00,46629
2000-07-11 06:00,54103
2000-07-11 07:00,65714
2000-07-11 08:00,71725
2000-07-11 09:00,73716
2000-07-11 10:00,74579
2000-07-11 11:00,75374
2000-07-11 12:00,74917
2000-07-11 13:00,73514
2000-07-11 14:00,72997
2000-07-11 15:00,72851
2000-07-11 16:00,74284
2000-07-11 17:00,73016
2000-07-11 18:00,68691
2000-07-11 19:00,65255
2000-07-11 20:00,62851
2000-07-11 21:00,64063
2000-07-11 22:00,62721
2000-07-11 23:00,55125
2000-07-12 00:00,49014
2000-07-12 01:00,48854
2000-07-12 02:00,48094
2000-07-12 03:00,47602
2000-07-12 04:00,46576
2000-07-12 05:00,46515
2000-07-12 06:00,54063
2000-07-12 07:00,65673
2000-07-12 08:00,71281
2000-07-12 09:00,73408
2000-07-12 10:00,74064
2000-07-12 11:00,74865
2000-07-12 12:00,74678
2000-07-12 13:00,73284
2000-07-12 14:00,73024
2000-07-12 15:00,72852
2000-07-12 16:00,74363
2000-07-12 17:00,73422
2000-07-12 18:00,69757
2000-07-12 19:00,66991
2000-07-12 20:00,65718
2000-07-12 21:00,65506
2000-07-12 22:00,62631
2000-07-12 23:00,55510
2000-07-13 00:00,49549
2000-07-13 01:00,49129
2000-07-13 02:00,48089
2000-07-13 03:00,47440
2000-07-13 04:00,46901
2000-07-13 05:00,47427
2000-07-13 06:00,54710
2000-07-13 07:00,66398
2000-07-13 08:00,72271
2000-07-13 09:00,74888
2000-07-13 10:00,75508
2000-07-13 11:00,76052
2000-07-13 12:00,75816
2000-07-13 13:00,74496
2000-07-13 14:00,73954
2000-07-13 15:00,73665
2000-07-13 16:00,74878
2000-07-13 17:00,73354
2000-07-13 18:00,69696
2000-07-13 19:00,66821
2000-07-13 20:00,65054
2000-07-13 21:00,65745
2000-07-13 22:00,62696
2000-07-13 23:00,55140
2000-07-14 00:00,49402
2000-07-14 01:00,48814
2000-07-14 02:00,47912
2000-07-14 03:00,47301
2000-07-14 04:00,46423
2000-07-14 05:00,46675
2000-07-14 06:00,53785
2000-07-14 07:00,65473
2000-07-14 08:00,71594
2000-07-14 09:00,73487
2000-07-14 10:00,73991
2000-07-14 11:00,74485
2000-07-14 12:00,74367
2000-07-14 13:00,71813
2000-07-14 14:00,70866
2000-07-14 15:00,69811
2000-07-14 16:00,70758
2000-07-14 17:00,69889
2000-07-14 18:00,66805
2000-07-14 19:00,63174
2000-07-14 20:00,60177
2000-07-14 21:00,60188
2000-07-14 22:00,59196
2000-07-14 23:00,52923
2000-07-15 00:00,47634
2000-07-15 01:00,47009
2000-07-15 02:00,45579
2000-07-15 03:00,44223
2000-07-15 04:00,43072
2000-07-15 05:00,41993
2000-07-15 06:00,45499
2000-07-15 07:00,51694
2000-07-15 08:00,58144
2000-07-15 09:00,61744
2000-07-15 10:00,62909
2000-07-15 11:00,62406
2000-07-15 12:00,60774
2000-07-15 13:00,58339
2000-07-15 14:00,56597
2000-07-15 15:00,55734
2000-07-15 16:00,56272
2000-07-15 17:00,57558
2000-07-15 18:00,56699
2000-07-15 19:00,54770
2000-07-15 20:00,52977
2000-07-15 21:00,53633
2000-07-15 22:00,53736
2000-07-15 23:00,49301
2000-07-16 00:00,44816
2000-07-16 01:00,43938
2000-07-16 02:00,42730
2000-07-16 03:00,41362
2000-07-16 04:00,40271
2000-07-16 05:00,38914
2000-07-16 06:00,40663
2000-07-16 07:00,44193
2000-07-16 08:00,48954
2000-07-16 09:00,53888
2000-07-16 10:00,57669
2000-07-16 11:00,59714
2000-07-16 12:00,60191
2000-07-16 13:00,57167
2000-07-16 14:00,54694
2000-07-16 15:00,53796
2000-07-16 16:00,53976
2000-07-16 17:00,54262
2000-07-16 18:00,54252
2000-07-16 19:00,53882
2000-07-16 20:00,53720
2000-07-16 21:00,56219
2000-07-16 22:00,55947
2000-07-16 23:00,49329
2000-07-17 00:00,44145
2000-07-17 01:00,43939
2000-07-17 02:00,43416
2000-07-17 03:00,42894
2000-07-17 04:00,42457
2000-07-17 05:00,43434
2000-07-17 06:00,51382
2000-07-17 07:00,63587
2000-07-17 08:00,70163
2000-07-17 09:00,72659
2000-07-17 10:00,73342
2000-07-17 11:00,74296
2000-07-17 12:00,74083
2000-07-17 13:00,72600
2000-07-17 14:00,72094
2000-07-17 15:00,71769
2000-07-17 16:00,73186
2000-07-17 17:00,71943
2000-07-17 18:00,67746
2000-07-17 19:00,64516
2000-07-17 20:00,61917
2000-07-17 21:00,63562
2000-07-17 22:00,62433
2000-07-17 23:00,54691
2000-07-18 00:00,48819
2000-07-18 01:00,48170
2000-07-18 02:00,47169
2000-07-18 03:00,46563
2000-07-18 04:00,46142
2000-07-18 05:00,46256
2000-07-18 06:00,53421
2000-07-18 07:00,64721
2000-07-18 08:00,70658
2000-07-18 09:00,72840
2000-07-18 10:00,73626
2000-07-18 11:00,74235
2000-07-18 12:00,74219
2000-07-18 13:00,73065
2000-07-18 14:00,72688
2000-07-18 15:00,72786
2000-07-18 16:00,74114
2000-07-18 17:00,72721
2000-07-18 18:00,68586
2000-07-18 19:00,64855
2000-07-18 20:00,62816
2000-07-18 21:00,63966
2000-07-18 22:00,62767
2000-07-18 23:00,55080
2000-07-19 00:00,49425
2000-07-19 01:00,48445
2000-07-19 02:00,47490
2000-07-19 03:00,46634
2000-07-19 04:00,46324
2000-07-19 05:00,46400
2000-07-19 06:00,53580
2000-07-19 07:00,65065
2000-07-19 08:00,71315
2000-07-19 09:00,73751
2000-07-19 10:00,74045
2000-07-19 11:00,74369
2000-07-19 12:00,74669
2000-07-19 13:00,73341
2000-07-19 14:00,72792
2000-07-19 15:00,72516
2000-07-19 16:00,73792
2000-07-19 17:00,72316
2000-07-19 18:00,68048
2000-07-19 19:00,64324
2000-07-19 20:00,62553
2000-07-19 21:00,63249
2000-07-19 22:00,62362
2000-07-19 23:00,55735
2000-07-20 00:00,49864
2000-07-20 01:00,48788
2000-07-20 02:00,47753
2000-07-20 03:00,47009
2000-07-20 04:00,46661
2000-07-20 05:00,46823
2000-07-20 06:00,54160
2000-07-20 07:00,65204
2000-07-20 08:00,71859
2000-07-20 09:00,74235
2000-07-20 10:00,74694
2000-07-20 11:00,75314
2000-07-20 12:00,74820
2000-07-20 13:00,73763
2000-07-20 14:00,73546
2000-07-20 15:00,73332
2000-07-20 16:00,74258
2000-07-20 17:00,72445
2000-07-20 18:00,68654
2000-07-20 19:00,64772
2000-07-20 20:00,62530
2000-07-20 21:00,64026
2000-07-20 22:00,62706
2000-07-20 23:00,55288
2000-07-21 00:00,49601
2000-07-21 01:00,48110
2000-07-21 02:00,47021
2000-07-21 03:00,46294
2000-07-21 04:00,45786
2000-07-21 05:00,45714
2000-07-21 06:00,52777
2000-07-21 07:00,63806
2000-07-21 08:00,70316
2000-07-21 09:00,72831
2000-07-21 10:00,73568
2000-07-21 11:00,73912
2000-07-21 12:00,73166
2000-07-21 13:00,71423
2000-07-21 14:00,70494
2000-07-21 15:00,69822
2000-07-21 16:00,70263
2000-07-21 17:00,68595
2000-07-21 18:00,64972
2000-07-21 19:00,61217
2000-07-21 20:00,58582
2000-07-21 21:00,59528
2000-07-21 22:00,58807
2000-07-21 23:00,52707
2000-07-22 00:00,47329
2000-07-22 01:00,45603
2000-07-22 02:00,43791
2000-07-22 03:00,42607
2000-07-22 04:00,41838
2000-07-22 05:00,41029
2000-07-22 06:00,44075
2000-07-22 07:00,49758
2000-07-22 08:00,55920
2000-07-22 09:00,59856
2000-07-22 10:00,60619
2000-07-22 11:00,60441
2000-07-22 12:00,59166
2000-07-22 13:00,56648
2000-07-22 14:00,54904
2000-07-22 15:00,54016
2000-07-22 16:00,54665
2000-07-22 17:00,55875
2000-07-22 18:00,55013
2000-07-22 19:00,53681
2000-07-22 20:00,52227
2000-07-22 21:00,53936
2000-07-22 22:00,52707
2000-07-22 23:00,48142
2000-07-23 00:00,43722
2000-07-23 01:00,42396
2000-07-23 02:00,40948
2000-07-23 03:00,39779
2000-07-23 04:00,38964
2000-07-23 05:00,37978
2000-07-23 06:00,39443
2000-07-23 07:00,42488
2000-07-23 08:00,46992
2000-07-23 09:00,51726
2000-07-23 10:00,55362
2000-07-23 11:00,57607
2000-07-23 12:00,58053
2000-07-23 13:00,55693
2000-07-23 14:00,53680
2000-07-23 15:00,52861
2000-07-23 16:00,53461
2000-07-23 17:00,54096
2000-07-23 18:00,53807
2000-07-23 19:00,53750
2000-07-23 20:00,53926
2000-07-23 21:00,56442
2000-07-23 22:00,53938
2000-07-23 23:00,47525
2000-07-24 00:00,42430
2000-07-24 01:00,41702
2000-07-24 02:00,41119
2000-07-24 03:00,40715
2000-07-24 04:00,40771
2000-07-24 05:00,41678
2000-07-24 06:00,48803
2000-07-24 07:00,59361
2000-07-24 08:00,66973
2000-07-24 09:00,70412
2000-07-24 10:00,71328
2000-07-24 11:00,72158
2000-07-24 12:00,71992
2000-07-24 13:00,70606
2000-07-24 14:00,70133
2000-07-24 15:00,69820
2000-07-24 16:00,70685
2000-07-24 17:00,70232
2000-07-24 18:00,66992
2000-07-24 19:00,63985
2000-07-24 20:00,62450
2000-07-24 21:00,63275
2000-07-24 22:00,59135
2000-07-24 23:00,51764
2000-07-25 00:00,46176
2000-07-25 01:00,45597
2000-07-25 02:00,44612
2000-07-25 03:00,44028
2000-07-25 04:00,43642
2000-07-25 05:00,44229
2000-07-25 06:00,50363
2000-07-25 07:00,60595
2000-07-25 08:00,67769
2000-07-25 09:00,70442
2000-07-25 10:00,70896
2000-07-25 11:00,71455
2000-07-25 12:00,71167
2000-07-25 13:00,70122
2000-07-25 14:00,69588
2000-07-25 15:00,69073
2000-07-25 16:00,70088
2000-07-25 17:00,69120
2000-07-25 18:00,65461
2000-07-25 19:00,62458
2000-07-25 20:00,61476
2000-07-25 21:00,63210
2000-07-25 22:00,59765
2000-07-25 23:00,52429
2000-07-26 00:00,46429
2000-07-26 01:00,45412
2000-07-26 02:00,44246
2000-07-26 03:00,43750
2000-07-26 04:00,43397
2000-07-26 05:00,43845
2000-07-26 06:00,50329
2000-07-26 07:00,60199
2000-07-26 08:00,67295
2000-07-26 09:00,70448
2000-07-26 10:00,71195
2000-07-26 11:00,71698
2000-07-26 12:00,71721
2000-07-26 13:00,70362
2000-07-26 14:00,69940
2000-07-26 15:00,69564
2000-07-26 16:00,70340
2000-07-26 17:00,69589
2000-07-26 18:00,65966
2000-07-26 19:00,62383
2000-07-26 20:00,60929
2000-07-26 21:00,62488
2000-07-26 22:00,60027
2000-07-26 23:00,52750
2000-07-27 00:00,46894
2000-07-27 01:00,45682
2000-07-27 02:00,44533
2000-07-27 03:00,43808
2000-07-27 04:00,43625
2000-07-27 05:00,43907
2000-07-27 06:00,50390
2000-07-27 07:00,60075
2000-07-27 08:00,67242
2000-07-27 09:00,70759
2000-07-27 10:00,71585
2000-07-27 11:00,72197
2000-07-27 12:00,72019
2000-07-27 13:00,70878
2000-07-27 14:00,70519
2000-07-27 15:00,70274
2000-07-27 16:00,71098
2000-07-27 17:00,70235
2000-07-27 18:00,66342
2000-07-27 19:00,62904
2000-07-27 20:00,61469
2000-07-27 21:00,62933
2000-07-27 22:00,59774
2000-07-27 23:00,52476
2000-07-28 00:00,46617
2000-07-28 01:00,45306
2000-07-28 02:00,44117
2000-07-28 03:00,43350
2000-07-28 04:00,43014
2000-07-28 05:00,43258
2000-07-28 06:00,49377
2000-07-28 07:00,59197
2000-07-28 08:00,66479
2000-07-28 09:00,69764
2000-07-28 10:00,70398
2000-07-28 11:00,70845
2000-07-28 12:00,70534
2000-07-28 13:00,69122
2000-07-28 14:00,68077
2000-07-28 15:00,67302
2000-07-28 16:00,67380
2000-07-28 17:00,66824
2000-07-28 18:00,63627
2000-07-28 19:00,60128
2000-07-28 20:00,57798
2000-07-28 21:00,59121
2000-07-28 22:00,56778
2000-07-28 23:00,50893
2000-07-29 00:00,45698
2000-07-29 01:00,44349
2000-07-29 02:00,42796
2000-07-29 03:00,41802
2000-07-29 04:00,40852
2000-07-29 05:00,39823
2000-07-29 06:00,42688
2000-07-29 07:00,48593
2000-07-29 08:00,54838
2000-07-29 09:00,59076
2000-07-29 10:00,60251
2000-07-29 11:00,60201
2000-07-29 12:00,58978
2000-07-29 13:00,56681
2000-07-29 14:00,55150
2000-07-29 15:00,54354
2000-07-29 16:00,55144
2000-07-29 17:00,56238
2000-07-29 18:00,55158
2000-07-29 19:00,53660
2000-07-29 20:00,51995
2000-07-29 21:00,53711
2000-07-29 22:00,52839
2000-07-29 23:00,48186
2000-07-30 00:00,43724
2000-07-30 01:00,42192
2000-07-30 02:00,40406
2000-07-30 03:00,39272
2000-07-30 04:00,38514
2000-07-30 05:00,37449
2000-07-30 06:00,38735
2000-07-30 07:00,42188
2000-07-30 08:00,47270
2000-07-30 09:00,51995
2000-07-30 10:00,55087
2000-07-30 11:00,56924
2000-07-30 12:00,57293
2000-07-30 13:00,54761
2000-07-30 14:00,53167
2000-07-30 15:00,52255
2000-07-30 16:00,52609
2000-07-30 17:00,53082
2000-07-30 18:00,52858
2000-07-30 19:00,52185
2000-07-30 20:00,52242
2000-07-30 21:00,56025
2000-07-30 22:00,54080
2000-07-30 23:00,47944
2000-07-31 00:00,42889
2000-07-31 01:00,41848
2000-07-31 02:00,40938
2000-07-31 03:00,40488
2000-07-31 04:00,40520
2000-07-31 05:00,41297
2000-07-31 06:00,47606
2000-07-31 07:00,57929
2000-07-31 08:00,65629
2000-07-31 09:00,69600
2000-07-31 10:00,70552
2000-07-31 11:00,71301
2000-07-31 12:00,71080
2000-07-31 13:00,70022
2000-07-31 14:00,69449
2000-07-31 15:00,69155
2000-07-31 16:00,69794
2000-07-31 17:00,69050
2000-07-31 18:00,65624
2000-07-31 19:00,62641
2000-07-31 20:00,61115
2000-07-31 21:00,63476
2000-07-31 22:00,59128
2000-07-31 23:00,51487
2000-08-01 00:00,45732
2000-08-01 01:00,44711
2000-08-01 02:00,43393
2000-08-01 03:00,42690
2000-08-01 04:00,42628
2000-08-01 05:00,43160
2000-08-01 06:00,48990
2000-08-01 07:00,58721
2000-08-01 08:00,66092
2000-08-01 09:00,69299
2000-08-01 10:00,69763
2000-08-01 11:00,70170
2000-08-01 12:00,70114
2000-08-01 13:00,69046
2000-08-01 14:00,68750
2000-08-01 15:00,68538
2000-08-01 16:00,69166
2000-08-01 17:00,67830
2000-08-01 18:00,64676
2000-08-01 19:00,60956
2000-08-01 20:00,59290
2000-08-01 21:00,61642
2000-08-01 22:00,58798
2000-08-01 23:00,51578
2000-08-02 00:00,45978
2000-08-02 01:00,44597
2000-08-02 02:00,43115
2000-08-02 03:00,42556
2000-08-02 04:00,42466
2000-08-02 05:00,42939
2000-08-02 06:00,48812
2000-08-02 07:00,58367
2000-08-02 08:00,65430
2000-08-02 09:00,68759
2000-08-02 10:00,69647
2000-08-02 11:00,70402
2000-08-02 12:00,70425
2000-08-02 13:00,68928
2000-08-02 14:00,68513
2000-08-02 15:00,68192
2000-08-02 16:00,69038
2000-08-02 17:00,68349
2000-08-02 18:00,65089
2000-08-02 19:00,62099
2000-08-02 20:00,60902
2000-08-02 21:00,61986
2000-08-02 22:00,58557
2000-08-02 23:00,51548
2000-08-03 00:00,45894
2000-08-03 01:00,44681
2000-08-03 02:00,43674
2000-08-03 03:00,43044
2000-08-03 04:00,42892
2000-08-03 05:00,43442
2000-08-03 06:00,49105
2000-08-03 07:00,58460
2000-08-03 08:00,65325
2000-08-03 09:00,68650
2000-08-03 10:00,69440
2000-08-03 11:00,70286
2000-08-03 12:00,70170
2000-08-03 13:00,69134
2000-08-03 14:00,68915
2000-08-03 15:00,68763
2000-08-03 16:00,69386
2000-08-03 17:00,68737
2000-08-03 18:00,65843
2000-08-03 19:00,62227
2000-08-03 20:00,60789
2000-08-03 21:00,62811
2000-08-03 22:00,58577
2000-08-03 23:00,51706
2000-08-04 00:00,45943
2000-08-04 01:00,44755
2000-08-04 02:00,43432
2000-08-04 03:00,42809
2000-08-04 04:00,42564
2000-08-04 05:00,43211
2000-08-04 06:00,48981
2000-08-04 07:00,58433
2000-08-04 08:00,65710
2000-08-04 09:00,68876
2000-08-04 10:00,69438
2000-08-04 11:00,69755
2000-08-04 12:00,69276
2000-08-04 13:00,67959
2000-08-04 14:00,66910
2000-08-04 15:00,65760
2000-08-04 16:00,65938
2000-08-04 17:00,65588
2000-08-04 18:00,62837
2000-08-04 19:00,60019
2000-08-04 20:00,58854
2000-08-04 21:00,60420
2000-08-04 22:00,56720
2000-08-04 23:00,50692
2000-08-05 00:00,45522
2000-08-05 01:00,44004
2000-08-05 02:00,42444
2000-08-05 03:00,41344
2000-08-05 04:00,40726
2000-08-05 05:00,40303
2000-08-05 06:00,42902
2000-08-05 07:00,48499
2000-08-05 08:00,54742
2000-08-05 09:00,58562
2000-08-05 10:00,59620
2000-08-05 11:00,59478
2000-08-05 12:00,58240
2000-08-05 13:00,55886
2000-08-05 14:00,54119
2000-08-05 15:00,53408
2000-08-05 16:00,54355
2000-08-05 17:00,55826
2000-08-05 18:00,54927
2000-08-05 19:00,53711
2000-08-05 20:00,52750
2000-08-05 21:00,55445
2000-08-05 22:00,53167
2000-08-05 23:00,48568
2000-08-06 00:00,44029
2000-08-06 01:00,42245
2000-08-06 02:00,40517
2000-08-06 03:00,39385
2000-08-06 04:00,38789
2000-08-06 05:00,38132
2000-08-06 06:00,39239
2000-08-06 07:00,42713
2000-08-06 08:00,47544
2000-08-06 09:00,51904
2000-08-06 10:00,55359
2000-08-06 11:00,57452
2000-08-06 12:00,57972
2000-08-06 13:00,55743
2000-08-06 14:00,53735
2000-08-06 15:00,52808
2000-08-06 16:00,53406
2000-08-06 17:00,53694
2000-08-06 18:00,53450
2000-08-06 19:00,52813
2000-08-06 20:00,53214
2000-08-06 21:00,57187
2000-08-06 22:00,54436
2000-08-06 23:00,48364
2000-08-07 00:00,43488
2000-08-07 01:00,42646
2000-08-07 02:00,41606
2000-08-07 03:00,41080
2000-08-07 04:00,41227
2000-08-07 05:00,42414
2000-08-07 06:00,49011
2000-08-07 07:00,59357
2000-08-07 08:00,67204
2000-08-07 09:00,70873
2000-08-07 10:00,71853
2000-08-07 11:00,72622
2000-08-07 12:00,72833
2000-08-07 13:00,72011
2000-08-07 14:00,71807
2000-08-07 15:00,71518
2000-08-07 16:00,72373
2000-08-07 17:00,71298
2000-08-07 18:00,67767
2000-08-07 19:00,64616
2000-08-07 20:00,63621
2000-08-07 21:00,65671
2000-08-07 22:00,60660
2000-08-07 23:00,53217
2000-08-08 00:00,47687
2000-08-08 01:00,46643
2000-08-08 02:00,45379
2000-08-08 03:00,44850
2000-08-08 04:00,44744
2000-08-08 05:00,45734
2000-08-08 06:00,51445
2000-08-08 07:00,61202
2000-08-08 08:00,68400
2000-08-08 09:00,71412
2000-08-08 10:00,72118
2000-08-08 11:00,73050
2000-08-08 12:00,72939
2000-08-08 13:00,72101
2000-08-08 14:00,71438
2000-08-08 15:00,71420
2000-08-08 16:00,72127
2000-08-08 17:00,71212
2000-08-08 18:00,67445
2000-08-08 19:00,63797
2000-08-08 20:00,62976
2000-08-08 21:00,65797
2000-08-08 22:00,61115
2000-08-08 23:00,53468
2000-08-09 00:00,48005
2000-08-09 01:00,46639
2000-08-09 02:00,45369
2000-08-09 03:00,44713
2000-08-09 04:00,44630
2000-08-09 05:00,45602
2000-08-09 06:00,51302
2000-08-09 07:00,61375
2000-08-09 08:00,68714
2000-08-09 09:00,71883
2000-08-09 10:00,72782
2000-08-09 11:00,73254
2000-08-09 12:00,73118
2000-08-09 13:00,71973
2000-08-09 14:00,71436
2000-08-09 15:00,71305
2000-08-09 16:00,72002
2000-08-09 17:00,71235
2000-08-09 18:00,67901
2000-08-09 19:00,64801
2000-08-09 20:00,64676
2000-08-09 21:00,66084
2000-08-09 22:00,61120
2000-08-09 23:00,53724
2000-08-10 00:00,47826
2000-08-10 01:00,46822
2000-08-10 02:00,45470
2000-08-10 03:00,44784
2000-08-10 04:00,44812
2000-08-10 05:00,45811
2000-08-10 06:00,51591
2000-08-10 07:00,61427
2000-08-10 08:00,68823
2000-08-10 09:00,71898
2000-08-10 10:00,72563
2000-08-10 11:00,73331
2000-08-10 12:00,73032
2000-08-10 13:00,71959
2000-08-10 14:00,71325
2000-08-10 15:00,71021
2000-08-10 16:00,71245
2000-08-10 17:00,69976
2000-08-10 18:00,67128
2000-08-10 19:00,64054
2000-08-10 20:00,64425
2000-08-10 21:00,65909
2000-08-10 22:00,60772
2000-08-10 23:00,53500
2000-08-11 00:00,47771
2000-08-11 01:00,46565
2000-08-11 02:00,45250
2000-08-11 03:00,44749
2000-08-11 04:00,44501
2000-08-11 05:00,45369
2000-08-11 06:00,51051
2000-08-11 07:00,60916
2000-08-11 08:00,68119
2000-08-11 09:00,71166
2000-08-11 10:00,71556
2000-08-11 11:00,71760
2000-08-11 12:00,71593
2000-08-11 13:00,70115
2000-08-11 14:00,69064
2000-08-11 15:00,68343
2000-08-11 16:00,68485
2000-08-11 17:00,67431
2000-08-11 18:00,64314
2000-08-11 19:00,61116
2000-08-11 20:00,59900
2000-08-11 21:00,62733
2000-08-11 22:00,58487
2000-08-11 23:00,52172
2000-08-12 00:00,47021
2000-08-12 01:00,45442
2000-08-12 02:00,43627
2000-08-12 03:00,42468
2000-08-12 04:00,41893
2000-08-12 05:00,41645
2000-08-12 06:00,44123
2000-08-12 07:00,50069
2000-08-12 08:00,56507
2000-08-12 09:00,60673
2000-08-12 10:00,61687
2000-08-12 11:00,61377
2000-08-12 12:00,59859
2000-08-12 13:00,57483
2000-08-12 14:00,55810
2000-08-12 15:00,55117
2000-08-12 16:00,56105
2000-08-12 17:00,57506
2000-08-12 18:00,56704
2000-08-12 19:00,55546
2000-08-12 20:00,55986
2000-08-12 21:00,57079
2000-08-12 22:00,54436
2000-08-12 23:00,49587
2000-08-13 00:00,45160
2000-08-13 01:00,43514
2000-08-13 02:00,41565
2000-08-13 03:00,40357
2000-08-13 04:00,39839
2000-08-13 05:00,39541
2000-08-13 06:00,40344
2000-08-13 07:00,43986
2000-08-13 08:00,48866
2000-08-13 09:00,53577
2000-08-13 10:00,57148
2000-08-13 11:00,58983
2000-08-13 12:00,59674
2000-08-13 13:00,57657
2000-08-13 14:00,55627
2000-08-13 15:00,55144
2000-08-13 16:00,55620
2000-08-13 17:00,56427
2000-08-13 18:00,56699
2000-08-13 19:00,56604
2000-08-13 20:00,58758
2000-08-13 21:00,59721
2000-08-13 22:00,55775
2000-08-13 23:00,49268
2000-08-14 00:00,44387
2000-08-14 01:00,43875
2000-08-14 02:00,43063
2000-08-14 03:00,42363
2000-08-14 04:00,42723
2000-08-14 05:00,44478
2000-08-14 06:00,51620
2000-08-14 07:00,61877
2000-08-14 08:00,70136
2000-08-14 09:00,74237
2000-08-14 10:00,74820
2000-08-14 11:00,75386
2000-08-14 12:00,75443
2000-08-14 13:00,74278
2000-08-14 14:00,74020
2000-08-14 15:00,73687
2000-08-14 16:00,74207
2000-08-14 17:00,72617
2000-08-14 18:00,69045
2000-08-14 19:00,66273
2000-08-14 20:00,65759
2000-08-14 21:00,68113
2000-08-14 22:00,62668
2000-08-14 23:00,54831
2000-08-15 00:00,49250
2000-08-15 01:00,48106
2000-08-15 02:00,46962
2000-08-15 03:00,46100
2000-08-15 04:00,46056
2000-08-15 05:00,47230
2000-08-15 06:00,52761
2000-08-15 07:00,62651
2000-08-15 08:00,69941
2000-08-15 09:00,73036
2000-08-15 10:00,73570
2000-08-15 11:00,73921
2000-08-15 12:00,73766
2000-08-15 13:00,72875
2000-08-15 14:00,72507
2000-08-15 15:00,72342
2000-08-15 16:00,73490
2000-08-15 17:00,72532
2000-08-15 18:00,69428
2000-08-15 19:00,66764
2000-08-15 20:00,67255
2000-08-15 21:00,68028
2000-08-15 22:00,62593
2000-08-15 23:00,55101
2000-08-16 00:00,49507
2000-08-16 01:00,48281
2000-08-16 02:00,47190
2000-08-16 03:00,46476
2000-08-16 04:00,46382
2000-08-16 05:00,47379
2000-08-16 06:00,52859
2000-08-16 07:00,62672
2000-08-16 08:00,69405
2000-08-16 09:00,72271
2000-08-16 10:00,72722
2000-08-16 11:00,73214
2000-08-16 12:00,73348
2000-08-16 13:00,71996
2000-08-16 14:00,71611
2000-08-16 15:00,71370
2000-08-16 16:00,72314
2000-08-16 17:00,71471
2000-08-16 18:00,68156
2000-08-16 19:00,65753
2000-08-16 20:00,66543
2000-08-16 21:00,67187
2000-08-16 22:00,62588
2000-08-16 23:00,55406
2000-08-17 00:00,49647
2000-08-17 01:00,48302
2000-08-17 02:00,46980
2000-08-17 03:00,46296
2000-08-17 04:00,46309
2000-08-17 05:00,47308
2000-08-17 06:00,52973
2000-08-17 07:00,62865
2000-08-17 08:00,69880
2000-08-17 09:00,72512
2000-08-17 10:00,73163
2000-08-17 11:00,73783
2000-08-17 12:00,73642
2000-08-17 13:00,72614
2000-08-17 14:00,72027
2000-08-17 15:00,71843
2000-08-17 16:00,72528
2000-08-17 17:00,71532
2000-08-17 18:00,68059
2000-08-17 19:00,65619
2000-08-17 20:00,66451
2000-08-17 21:00,67057
2000-08-17 22:00,62058
2000-08-17 23:00,55203
2000-08-18 00:00,49493
2000-08-18 01:00,48101
2000-08-18 02:00,46527
2000-08-18 03:00,46061
2000-08-18 04:00,45844
2000-08-18 05:00,47117
2000-08-18 06:00,52892
2000-08-18 07:00,62879
2000-08-18 08:00,70021
2000-08-18 09:00,73349
2000-08-18 10:00,73873
2000-08-18 11:00,74406
2000-08-18 12:00,74289
2000-08-18 13:00,72332
2000-08-18 14:00,71097
2000-08-18 15:00,69923
2000-08-18 16:00,69873
2000-08-18 17:00,69119
2000-08-18 18:00,66542
2000-08-18 19:00,64093
2000-08-18 20:00,64259
2000-08-18 21:00,64016
2000-08-18 22:00,59422
2000-08-18 23:00,53317
2000-08-19 00:00,48278
2000-08-19 01:00,46706
2000-08-19 02:00,44640
2000-08-19 03:00,43689
2000-08-19 04:00,43062
2000-08-19 05:00,43439
2000-08-19 06:00,45720
2000-08-19 07:00,51645
2000-08-19 08:00,57974
2000-08-19 09:00,62179
2000-08-19 10:00,63230
2000-08-19 11:00,62914
2000-08-19 12:00,61430
2000-08-19 13:00,58708
2000-08-19 14:00,56535
2000-08-19 15:00,55633
2000-08-19 16:00,56409
2000-08-19 17:00,57520
2000-08-19 18:00,56327
2000-08-19 19:00,55143
2000-08-19 20:00,56342
2000-08-19 21:00,57204
2000-08-19 22:00,54517
2000-08-19 23:00,49484
2000-08-20 00:00,45071
2000-08-20 01:00,43289
2000-08-20 02:00,41585
2000-08-20 03:00,40534
2000-08-20 04:00,39884
2000-08-20 05:00,39465
2000-08-20 06:00,40442
2000-08-20 07:00,43945
2000-08-20 08:00,49316
2000-08-20 09:00,54112
2000-08-20 10:00,57094
2000-08-20 11:00,58702
2000-08-20 12:00,58963
2000-08-20 13:00,56556
2000-08-20 14:00,54617
2000-08-20 15:00,54013
2000-08-20 16:00,54565
2000-08-20 17:00,55139
2000-08-20 18:00,55543
2000-08-20 19:00,55122
2000-08-20 20:00,58199
2000-08-20 21:00,59417
2000-08-20 22:00,55325
2000-08-20 23:00,49100
2000-08-21 00:00,44525
2000-08-21 01:00,43561
2000-08-21 02:00,42946
2000-08-21 03:00,42164
2000-08-21 04:00,42400
2000-08-21 05:00,44283
2000-08-21 06:00,50804
2000-08-21 07:00,61221
2000-08-21 08:00,69161
2000-08-21 09:00,72780
2000-08-21 10:00,73352
2000-08-21 11:00,73943
2000-08-21 12:00,74052
2000-08-21 13:00,72854
2000-08-21 14:00,72450
2000-08-21 15:00,72486
2000-08-21 16:00,73091
2000-08-21 17:00,71936
2000-08-21 18:00,69096
2000-08-21 19:00,66879
2000-08-21 20:00,67573
2000-08-21 21:00,67554
2000-08-21 22:00,61846
2000-08-21 23:00,54179
2000-08-22 00:00,48770
2000-08-22 01:00,47896
2000-08-22 02:00,46779
2000-08-22 03:00,46131
2000-08-22 04:00,46043
2000-08-22 05:00,47291
2000-08-22 06:00,53165
2000-08-22 07:00,62767
2000-08-22 08:00,70072
2000-08-22 09:00,72981
2000-08-22 10:00,73397
2000-08-22 11:00,73848
2000-08-22 12:00,73735
2000-08-22 13:00,72453
2000-08-22 14:00,71861
2000-08-22 15:00,71614
2000-08-22 16:00,72525
2000-08-22 17:00,71517
2000-08-22 18:00,68545
2000-08-22 19:00,65570
2000-08-22 20:00,67894
2000-08-22 21:00,68403
2000-08-22 22:00,62631
2000-08-22 23:00,55280
2000-08-23 00:00,49238
2000-08-23 01:00,48334
2000-08-23 02:00,47254
2000-08-23 03:00,46639
2000-08-23 04:00,46589
2000-08-23 05:00,47970
2000-08-23 06:00,53719
2000-08-23 07:00,63386
2000-08-23 08:00,70683
2000-08-23 09:00,73454
2000-08-23 10:00,73950
2000-08-23 11:00,74329
2000-08-23 12:00,74098
2000-08-23 13:00,72685
2000-08-23 14:00,72311
2000-08-23 15:00,71966
2000-08-23 16:00,72736
2000-08-23 17:00,71883
2000-08-23 18:00,68473
2000-08-23 19:00,65812
2000-08-23 20:00,68316
2000-08-23 21:00,68313
2000-08-23 22:00,63215
2000-08-23 23:00,55778
2000-08-24 00:00,49852
2000-08-24 01:00,48599
2000-08-24 02:00,47186
2000-08-24 03:00,46393
2000-08-24 04:00,46419
2000-08-24 05:00,48042
2000-08-24 06:00,53708
2000-08-24 07:00,63510
2000-08-24 08:00,70721
2000-08-24 09:00,73623
2000-08-24 10:00,73960
2000-08-24 11:00,74787
2000-08-24 12:00,74535
2000-08-24 13:00,73447
2000-08-24 14:00,72819
2000-08-24 15:00,72665
2000-08-24 16:00,73363
2000-08-24 17:00,72092
2000-08-24 18:00,68964
2000-08-24 19:00,66478
2000-08-24 20:00,69395
2000-08-24 21:00,69530
2000-08-24 22:00,63355
2000-08-24 23:00,56109
2000-08-25 00:00,50116
2000-08-25 01:00,48689
2000-08-25 02:00,47582
2000-08-25 03:00,46859
2000-08-25 04:00,46611
2000-08-25 05:00,48033
2000-08-25 06:00,53445
2000-08-25 07:00,62939
2000-08-25 08:00,70199
2000-08-25 09:00,73327
2000-08-25 10:00,73710
2000-08-25 11:00,74103
2000-08-25 12:00,73721
2000-08-25 13:00,71765
2000-08-25 14:00,70788
2000-08-25 15:00,69995
2000-08-25 16:00,69742
2000-08-25 17:00,68838
2000-08-25 18:00,66369
2000-08-25 19:00,64247
2000-08-25 20:00,66487
2000-08-25 21:00,65017
2000-08-25 22:00,59784
2000-08-25 23:00,53686
2000-08-26 00:00,48532
2000-08-26 01:00,46783
2000-08-26 02:00,45352
2000-08-26 03:00,44209
2000-08-26 04:00,43840
2000-08-26 05:00,44098
2000-08-26 06:00,46760
2000-08-26 07:00,51776
2000-08-26 08:00,58375
2000-08-26 09:00,62561
2000-08-26 10:00,63933
2000-08-26 11:00,63715
2000-08-26 12:00,62079
2000-08-26 13:00,59875
2000-08-26 14:00,57940
2000-08-26 15:00,56982
2000-08-26 16:00,57862
2000-08-26 17:00,59662
2000-08-26 18:00,58748
2000-08-26 19:00,57774
2000-08-26 20:00,59120
2000-08-26 21:00,57912
2000-08-26 22:00,54444
2000-08-26 23:00,49510
2000-08-27 00:00,45064
2000-08-27 01:00,43292
2000-08-27 02:00,41610
2000-08-27 03:00,40381
2000-08-27 04:00,39715
2000-08-27 05:00,39845
2000-08-27 06:00,40559
2000-08-27 07:00,43850
2000-08-27 08:00,48611
2000-08-27 09:00,52893
2000-08-27 10:00,56039
2000-08-27 11:00,57991
2000-08-27 12:00,58488
2000-08-27 13:00,56069
2000-08-27 14:00,54015
2000-08-27 15:00,53096
2000-08-27 16:00,53207
2000-08-27 17:00,53727
2000-08-27 18:00,53480
2000-08-27 19:00,53091
2000-08-27 20:00,56633
2000-08-27 21:00,56623
2000-08-27 22:00,53129
2000-08-27 23:00,47742
